RegionID,RegionName,State,Metro,CountyName,SizeRank,1996-04,1996-05,1996-06,1996-07,1996-08,1996-09,1996-10,1996-11,1996-12,1997-01,1997-02,1997-03,1997-04,1997-05,1997-06,1997-07,1997-08,1997-09,1997-10,1997-11,1997-12,1998-01,1998-02,1998-03,1998-04,1998-05,1998-06,1998-07,1998-08,1998-09,1998-10,1998-11,1998-12,1999-01,1999-02,1999-03,1999-04,1999-05,1999-06,1999-07,1999-08,1999-09,1999-10,1999-11,1999-12,2000-01,2000-02,2000-03,2000-04,2000-05,2000-06,2000-07,2000-08,2000-09,2000-10,2000-11,2000-12,2001-01,2001-02,2001-03,2001-04,2001-05,2001-06,2001-07,2001-08,2001-09,2001-10,2001-11,2001-12,2002-01,2002-02,2002-03,2002-04,2002-05,2002-06,2002-07,2002-08,2002-09,2002-10,2002-11,2002-12,2003-01,2003-02,2003-03,2003-04,2003-05,2003-06,2003-07,2003-08,2003-09,2003-10,2003-11,2003-12,2004-01,2004-02,2004-03,2004-04,2004-05,2004-06,2004-07,2004-08,2004-09,2004-10,2004-11,2004-12,2005-01,2005-02,2005-03,2005-04,2005-05,2005-06,2005-07,2005-08,2005-09,2005-10,2005-11,2005-12,2006-01,2006-02,2006-03,2006-04,2006-05,2006-06,2006-07,2006-08,2006-09,2006-10,2006-11,2006-12,2007-01,2007-02,2007-03,2007-04,2007-05,2007-06,2007-07,2007-08,2007-09,2007-10,2007-11,2007-12,2008-01,2008-02,2008-03,2008-04,2008-05,2008-06,2008-07,2008-08,2008-09,2008-10,2008-11,2008-12,2009-01,2009-02,2009-03,2009-04,2009-05,2009-06,2009-07,2009-08,2009-09,2009-10,2009-11,2009-12,2010-01,2010-02,2010-03,2010-04,2010-05,2010-06,2010-07,2010-08,2010-09,2010-10,2010-11,2010-12,2011-01,2011-02,2011-03,2011-04,2011-05,2011-06,2011-07,2011-08,2011-09,2011-10,2011-11,2011-12,2012-01,2012-02,2012-03,2012-04,2012-05,2012-06,2012-07,2012-08,2012-09,2012-10,2012-11,2012-12,2013-01,2013-02,2013-03,2013-04,2013-05,2013-06,2013-07,2013-08,2013-09,2013-10,2013-11,2013-12,2014-01,2014-02,2014-03,2014-04,2014-05,2014-06,2014-07,2014-08,2014-09,2014-10,2014-11,2014-12,2015-01,2015-02,2015-03,2015-04,2015-05,2015-06,2015-07,2015-08,2015-09,2015-10,2015-11,2015-12,2016-01,2016-02,2016-03,2016-04,2016-05,2016-06,2016-07,2016-08,2016-09,2016-10,2016-11,2016-12,2017-01,2017-02,2017-03,2017-04,2017-05,2017-06,2017-07,2017-08,2017-09,2017-10,2017-11,2017-12,2018-01,2018-02,2018-03,2018-04,2018-05,2018-06,2018-07,2018-08,2018-09,2018-10,2018-11,2018-12,2019-01,2019-02,2019-03,2019-04,2019-05,2019-06,2019-07,2019-08,2019-09,2019-10,2019-11,2019-12,2020-01,2020-02
54296,San Diego,CA,San Diego-Carlsbad,San Diego County,9,191090,190767,190519,190255,189946,189663,189608,189603,189467,189186,189148,189422,189937,190359,190733,191458,192530,193991,195195,196645,198429,200814,203226,205397,207390,209408,211811,213916,216078,217979,220197,222170,224188,225865,227600,229220,231047,233155,235049,237383,239452,241510,243795,246429,249440,252731,255930,259241,262300,265451,269729,274298,279185,283707,287728,291906,295849,299659,304110,309071,314667,319181,322391,324329,326356,328856,331819,334966,338036,341873,345309,348674,351871,356040,361062,366930,373271,379093,385289,391111,399610,407765,415147,420816,425579,430663,434779,440473,445696,452030,457335,463578,464726,465221,467833,473378,480912,488084,498239,507167,515398,523600,532291,539067,546962,552890,558524,564600,570850,575925,576896,577510,578850,579382,578967,578162,578198,580466,580825,581181,578860,578476,576418,573742,568791,564914,561336,559639,556170,553456,550536,544710,538907,532238,528914,524733,522544,518978,515085,508895,503646,496496,488316,479676,474191,467279,461411,453380,446921,437982,430768,422976,417232,412059,409690,408714,403833,402151,398342,400400,399959,403721,406558,411762,414509,416958,417643,419554,423325,423927,423894,420895,420053,417685,414299,410104,407739,405252,403020,399031,396779,394583,393249,391259,388118,385621,384130,383635,381282,380884,380959,382633,382613,384442,387023,389940,393539,397745,403104,407783,415481,421107,426437,433139,441722,450410,458634,467259,476774,482095,485549,487920,490418,495473,501680,501526,499700,496101,496160,497506,495363,496312,496752,500908,501864,500233,499577,505108,509921,514564,514932,516053,518505,521553,525185,527814,532435,539817,542286,541106,541006,542853,546941,547936,552070,555652,560297,563167,565732,565440,568616,573748,580635,587211,591521,594792,596179,599750,604519,608668,613135,620674,627503,631692,630813,629803,630451,632797,636102,637935,639709,640812,641131,638543,636025,634605,637201,639539,641532,643626,645453,647731,649563,653078,657488,663624,669939
51405,Chula Vista,CA,San Diego-Carlsbad,San Diego County,96,173181,173073,172918,172718,172351,172055,172059,172114,171950,171577,171486,171606,171950,171964,172029,172366,173186,174120,174634,175212,176195,177775,179382,180675,181772,182906,184352,185612,186803,188002,189531,190983,192423,193504,194628,195603,196839,198252,199530,201096,202444,203677,204975,206634,208612,210907,213118,215552,217790,220051,223056,226190,229676,232883,235739,238613,241277,243883,247032,250656,254797,258271,260929,262826,264872,267350,270271,273259,275937,278942,281748,284760,287928,291750,296203,301341,306896,312093,317596,323067,330134,336396,341983,346884,351816,357427,362500,368880,374655,381064,386620,392796,397429,403849,412201,420485,428064,434999,444339,452794,461126,470376,480451,489183,497711,503183,508384,514993,523074,530233,533660,536478,539407,540865,541137,540930,540860,542501,542264,542950,541810,542733,542177,540841,537373,534481,531421,529533,526135,523462,520928,515266,509760,503553,499706,494843,491122,486407,480999,473283,466009,456521,445287,433360,423212,410822,397440,382605,369982,357720,347668,337871,329872,322927,318811,316190,310627,307975,307351,311488,314111,316850,319071,323112,325610,327756,328360,329755,333358,334694,334846,332705,332040,330862,328628,325939,324841,323550,322597,320475,319858,319272,318074,316147,313334,312073,311636,311673,310236,310337,310877,312428,312218,313432,315381,317608,320008,323371,327768,331961,337705,341851,345515,350505,357411,364633,372293,380295,389549,394369,397563,399664,402697,408101,414820,416476,416499,414807,415396,416893,415809,417840,419920,424686,426549,425963,425864,430954,435275,439644,440468,442004,444380,446989,449932,452230,456293,462696,465048,464154,464383,466122,469760,470878,474491,477822,481567,483955,485869,485406,487942,492095,497434,502231,505158,507973,508988,511388,514067,516200,519114,524661,529807,532397,531204,529721,529632,530481,532553,533618,535149,535884,535962,533541,531503,530688,533010,535202,537098,539047,540594,542550,544224,547458,551239,556492,561532
6285,Oceanside,CA,San Diego-Carlsbad,San Diego County,135,154793,154727,154553,154312,154093,153933,153936,153929,153879,153738,153811,153989,154336,154515,154911,155625,156558,157657,158586,159800,161266,163222,165278,167237,169028,170922,173076,175079,177128,179195,181558,183688,185730,187424,189173,190797,192620,194668,196550,198747,200619,202336,204088,206102,208461,211061,213477,216000,218373,220821,223966,227205,230682,233885,236739,239836,242749,245505,248820,252523,256732,260096,262821,264772,266918,269446,272381,275343,277934,281017,283815,286884,289976,293739,297942,302684,307859,312581,317689,322482,328845,334153,338890,342912,347075,351817,355994,361623,366772,372868,378001,384125,388660,395218,403614,412009,419643,426754,436226,444582,452531,460815,469776,476976,483920,488078,492143,497755,504729,510808,513468,515722,518454,520137,520983,521524,522583,525004,525519,526389,525400,526246,525489,524369,521295,519025,516721,515775,512920,510478,507698,502053,496024,489056,485415,481213,478853,474734,470125,463092,456774,448406,438848,429071,422167,413912,406241,395830,386221,375145,366112,357233,349603,343011,339042,336600,330985,328123,323107,323099,321531,323630,324706,327767,329750,331891,332927,334285,337450,337723,338310,336845,337251,335946,333825,331048,329673,327840,326200,323619,322239,320993,320084,318596,315997,314070,312954,312567,310621,310232,309984,310729,309897,310787,312205,313960,315999,318771,322885,326726,332835,336990,340939,346109,353165,360792,368710,376926,386093,391510,395354,398012,401032,406373,412675,413767,413560,411399,411898,412999,412043,413718,415074,418864,419798,418921,418984,424220,428659,432976,433428,434631,436353,438865,441524,443897,447917,454184,456358,455573,455607,457071,460756,462408,466737,470342,474562,477227,479357,479117,481989,486610,492542,498278,502214,505454,506924,509789,513510,516561,520295,526154,531316,533922,532453,530866,530467,531763,533876,535125,536127,536791,536817,534505,532560,531678,534383,536552,538453,539992,541363,543070,544671,547533,550937,555881,560665
11337,Escondido,CA,San Diego-Carlsbad,San Diego County,166,172020,171751,171526,171321,171026,170814,170773,170770,170697,170551,170575,170954,171481,171905,172305,172935,173865,175059,176173,177463,179001,180945,182918,184727,186421,188009,189923,191660,193631,195369,197175,198832,200501,201946,203478,204752,206312,208063,209743,211751,213349,214940,216681,218752,221108,223706,226143,228724,230986,233429,236705,240100,243822,247179,250417,253774,256958,259795,263046,266812,271185,274771,277305,278998,280835,283035,285408,287940,290202,293208,295963,299107,302183,305936,310327,315411,320933,326156,331811,337191,343942,349715,355070,359532,364073,368885,373237,378774,383817,389835,394985,400985,405567,411689,419560,426986,434053,440915,450463,459228,467638,476155,485421,493124,500725,505570,510316,517177,525227,532307,535159,537540,540259,542172,542941,543211,543833,546040,546460,547298,546262,547137,546919,546141,543224,540980,538579,537560,534345,532103,529649,524058,517968,510820,506829,501858,498554,493612,488081,480334,473251,463719,452439,440618,431685,421411,412011,400701,390722,378644,368665,358506,350371,342711,337919,334571,328518,324916,319230,318264,315966,318011,319321,322910,324941,327561,329081,331710,335806,337445,339013,338300,339360,338201,336515,333523,332171,330521,329086,326108,324034,322618,321768,320479,317376,315084,313199,312650,310420,309732,309473,310669,310507,311364,312944,314955,318045,321955,326986,331409,337961,342708,346969,352291,359628,367350,374937,382773,391327,396325,399876,402391,405145,409846,415636,415908,414666,411801,412002,412975,411543,412426,413056,416399,417154,415889,415171,419714,423955,428340,429035,430076,431771,434272,437264,439757,443901,450683,453704,453665,454091,456022,459998,461967,466315,469809,473810,476122,478167,477477,479798,484009,489619,494343,496761,498476,499235,501550,504202,506432,509199,514584,519301,521778,520799,520108,520460,522364,524186,525532,526817,527812,527836,525271,523529,522736,525073,526525,528065,529292,530611,531828,532968,535133,538007,542322,546041
38333,El Cajon,CA,San Diego-Carlsbad,San Diego County,185,176852,176617,176434,176283,176091,175797,175611,175492,175351,174958,174837,174857,175209,175394,175533,175931,176609,177690,178600,179694,181010,183027,185054,186905,188292,189712,191422,192878,194366,195809,197595,199153,200609,201711,203003,204177,205807,207652,209389,211298,213037,214715,216657,218834,221303,223993,226416,229042,231330,233776,237148,240842,244673,247866,250446,253257,256068,258861,262323,266275,270800,274345,276827,278411,280210,282684,285697,288808,291693,294926,298039,301246,304550,308735,313682,319377,325515,331425,337773,343819,351191,357389,362619,367075,371740,376888,381218,387041,392501,398779,403971,410095,414259,420473,428650,437103,444737,451916,461774,470301,478335,486618,495402,502342,509268,513636,518000,523677,530462,535895,537543,538698,540000,540021,539471,538788,538925,540268,539883,539966,538034,537950,536273,534488,531089,528703,525979,524509,521102,518211,514856,508795,502974,496637,493478,489812,487435,483343,478414,472076,466570,459584,450912,441314,434243,425895,418716,408078,398640,387550,379062,369431,360992,353251,349243,347179,341951,338712,333078,333198,332011,334575,336280,340147,342640,344480,344202,344496,346678,346806,346568,343922,342707,340105,336345,332209,329624,327309,325419,322182,320106,318335,317584,316215,313779,311942,311364,311342,309554,309177,309223,310621,310504,311715,313639,316137,319252,322495,326359,329857,336122,340607,344414,349117,355699,362564,369414,376438,384314,388822,392035,394336,396308,400383,405921,406963,406581,404190,404175,404829,402872,403734,404224,407686,408954,408368,408283,412603,416191,420303,420886,422316,424743,427779,431466,434150,438102,444404,446707,446344,446547,448139,451684,452833,456361,459065,462419,464481,466490,465843,468085,471753,477135,481926,485248,488225,489605,492479,495332,497603,500252,505440,510456,513333,512852,511989,511589,511914,513152,513995,515410,516325,516541,514559,512720,511825,513398,515014,516787,518815,520552,522219,523539,526135,529370,533888,538227
41517,Vista,CA,San Diego-Carlsbad,San Diego County,306,160708,160517,160327,160228,160244,160349,160573,160769,160829,160786,161092,161656,162304,162869,163435,164136,164999,166147,167201,168533,170244,172441,174595,176442,178226,180097,182361,184384,186313,188025,190086,192017,193892,195486,197223,198881,200568,202225,203809,205932,207954,209794,211507,213464,215735,218165,220316,222547,224676,227170,230516,233910,237259,240087,242660,245550,248465,251360,254904,258856,263238,266581,268842,270212,271900,274311,277283,280181,282633,285492,288169,291045,294145,297987,302524,307718,313614,319282,324988,330361,336818,342582,347412,351777,355751,360213,364073,369436,374115,379491,384302,390394,395745,402240,410799,418810,427091,435040,445494,454509,463031,471731,480959,488088,494542,498634,502641,508808,515786,521813,524176,526676,529789,531833,532761,533205,534149,536585,537176,537968,536800,537630,536957,535351,531288,528407,525705,525276,522676,520841,518188,512469,506551,499867,496586,492862,491046,487238,482405,474661,467882,459076,449247,438873,430795,420904,412100,400740,390817,378557,369091,359331,351075,343450,338918,336617,331481,329049,323422,322521,319882,322208,323548,326846,328862,331013,332018,333059,336005,336118,337097,336484,338096,337505,335489,332904,331680,330077,328118,325081,323485,322517,322065,320741,317252,314113,312182,311790,309778,309257,309183,310572,310044,310750,312096,313847,316885,320948,326226,330589,337617,343085,348417,354061,361571,369502,377571,386299,395641,401178,404898,407460,409893,414143,419250,419855,419241,417246,417704,418625,416994,418032,418862,422391,423071,421973,421728,426871,431517,435863,436403,437453,439641,442275,445190,447325,451670,458466,461395,460897,460874,462132,465438,466298,469585,472349,476149,478850,480789,480462,482834,487079,492318,497561,501259,504568,505906,508824,512226,515003,518298,523656,528690,530940,530054,528898,529148,530930,533756,535579,537160,538023,538216,536098,534566,534393,537207,539384,541003,542265,543276,544540,545710,548245,551366,555898,559895
3975,Carlsbad,CA,San Diego-Carlsbad,San Diego County,341,259370,259398,259400,259294,259104,259035,259294,259909,260383,260689,261175,261844,262833,263696,264770,266369,268457,270836,272952,275181,277971,281599,285578,289525,293212,297042,301395,305509,309912,314177,318526,322025,325300,328115,331079,333884,336641,339617,341789,344436,346192,347969,350461,353878,357762,361602,365026,368166,371033,374094,378943,384220,390075,395246,399340,403595,407674,412090,417433,423827,431246,437046,441225,443671,446473,449767,453739,457756,461453,466056,470035,473889,477146,481735,487058,493314,499629,505314,511638,517723,527772,537232,545887,551947,557043,562592,567059,573646,580124,588473,595602,603747,604665,604600,607160,614300,624544,634649,648634,661105,672332,683173,694147,702660,712870,720860,728560,736493,743740,748811,748306,747575,748144,747802,746825,745472,745232,747661,747757,747636,744119,743031,740308,736873,730839,726239,722073,720778,717666,715803,713213,706708,700094,692585,689524,686051,685154,682551,679333,673266,668257,660086,650514,640527,636238,631169,628190,621005,615312,605702,598585,589572,582657,576921,575537,576758,571382,569624,562611,564139,562141,566705,569351,575843,579684,583587,584291,585584,589301,588391,588175,584030,583160,579772,575445,570098,566899,563202,560713,556235,554293,552630,551914,549830,546043,543186,541371,540145,536210,534764,533579,534628,533152,534229,536575,539692,543463,547560,553834,559814,570016,577229,584366,593245,604927,616330,626970,638336,650883,658040,662447,665869,669800,677220,685953,685912,684047,680208,681099,683768,682776,686490,688862,694942,696185,694395,693688,701715,708214,714637,715068,716486,718755,721764,725825,729212,735353,745131,748333,746809,746331,748564,753714,754890,760576,765355,771611,775263,778469,777496,781040,786584,794752,802033,807064,809821,810284,812726,817525,821558,826693,835928,844356,848918,847473,846360,847761,850763,854096,856248,858688,860515,860738,857352,853631,851674,854171,856674,858130,860606,863347,866662,868785,872946,878428,886121,894441
40737,San Marcos,CA,San Diego-Carlsbad,San Diego County,469,180128,179921,179729,179648,179320,179030,178837,178808,178748,178643,178740,179064,179649,179903,180220,180685,181735,183074,184395,185801,187427,189379,191403,193296,195287,197374,199748,201862,204119,206239,208466,210420,212378,214284,216380,218315,219945,221701,223329,225396,227016,228640,230681,233083,235696,238302,240548,242918,245351,247941,251470,255233,259313,262721,265400,268296,271361,274527,278424,282649,287316,291110,293909,295627,297361,299634,302424,305378,307715,310613,313126,316166,319286,323315,327806,333058,338988,344842,351118,356838,363774,369674,374894,379558,384128,388859,393064,398514,403383,409050,413897,420037,425140,431712,440310,448048,455695,462953,473035,482294,491359,500516,510234,517978,525553,530238,534847,541410,549082,555751,558470,560720,563220,564865,565470,565680,565972,568076,568183,568948,567680,568345,567223,565360,561534,558685,556066,554971,551810,549260,546184,539871,533047,525661,522145,518600,517247,513796,509222,501862,495735,487433,477841,467855,461148,452663,444900,433746,422984,409985,400170,390939,383417,376585,372979,371373,366169,363882,358841,359413,358284,361794,363804,367745,369866,372296,373014,374101,376938,376931,377206,375366,375946,375081,372905,369603,367632,365400,363601,360338,358636,357163,356503,354963,352018,349075,347325,346788,344794,344500,344392,345776,345464,346618,348471,350404,352854,356367,361388,366020,373103,377958,382473,388395,396496,405075,413168,422225,432297,438777,443147,446338,449679,455699,463025,464184,463533,461050,462148,463858,462717,463859,465013,469087,470370,469110,468753,474303,479411,484280,484833,486304,488667,491602,494301,496317,500366,507189,509232,507913,507089,508156,511479,512155,515743,518804,523241,526186,528357,527522,529987,534479,540732,546445,550101,552841,553744,556477,559948,562656,566182,572721,578989,582455,581471,580612,581022,583225,585954,587566,588474,588934,588754,586416,584333,583170,585506,587113,588466,589518,590491,591622,592784,595218,598051,601835,605206
41025,Spring Valley,CA,San Diego-Carlsbad,San Diego County,615,153403,153468,153468,153518,153195,152705,152398,152213,151952,151367,150849,150562,150569,150332,150094,150023,150583,151733,152574,153359,154258,155822,157621,159132,160480,161676,163180,164344,165646,166550,167703,168800,170001,171014,171948,172916,174047,175578,177062,178884,180209,181522,183106,184926,186998,189180,191261,193202,194909,196665,199243,201836,204906,207593,210037,212579,215127,217639,220737,224390,228690,232254,235031,237297,239598,242426,245422,248609,251329,254336,257169,260167,263167,266720,270627,275141,280159,285112,290440,295470,301804,307691,312948,317974,322744,328080,332993,339110,344704,350665,355717,361725,366389,372422,380102,387247,394410,401167,410577,418958,426999,435228,444056,451075,457926,462171,466330,472136,478742,484537,486176,487366,488983,490072,490294,490118,490300,491966,492008,492672,491884,492537,492173,491489,489038,486981,484863,484148,481849,479755,477619,472993,468587,463563,461231,458027,455636,450318,443533,434964,427969,419589,409224,397823,388284,376957,366888,353953,342292,331239,323770,316501,308822,301663,297295,293626,286580,282439,276866,277101,276761,279189,280474,282896,284446,285961,286189,288214,292657,295303,297179,296106,295709,293577,290784,287727,286772,285383,284539,282241,281194,279542,278603,277303,275374,274262,273269,272715,270503,269932,269908,271026,270954,272200,274149,276789,280316,283935,288436,292728,299354,304517,308989,314259,320986,327668,333974,339838,346495,350385,353453,355563,357504,361426,366220,366968,365721,363767,364200,365985,364849,365659,366397,369754,370899,370041,369986,373980,377982,381786,382995,384429,386782,389887,393125,395739,399697,405832,408416,408458,409356,411575,415270,416599,420116,422895,426670,429249,431686,431409,433501,437161,442017,446679,449316,452283,453729,456795,459239,461166,463550,468721,473910,476959,476423,474921,474605,475501,477451,478819,480067,480820,480434,478339,476643,475944,478077,480333,482590,484452,485930,487409,489325,492489,496636,501618,506244
46089,La Mesa,CA,San Diego-Carlsbad,San Diego County,645,172584,172503,172598,172837,173079,173159,173293,173273,173160,172979,172963,173133,173433,173767,173841,173995,174244,175123,175977,177266,178673,180360,182127,183792,185614,187176,189084,190621,192403,193791,195435,196931,198636,200229,201812,203372,205142,207330,209283,211722,213811,215913,218008,220336,223069,226152,229054,231925,234295,236804,240338,244182,248461,252418,256116,259800,263092,266097,269863,274190,279144,283123,285833,287366,288687,290650,293014,295821,298709,302499,305963,309293,312524,316469,321573,327374,333995,339796,346265,352252,361196,369606,376968,382453,387004,392202,395944,401401,405976,411741,415928,420881,419705,417623,417963,422064,428431,434311,443086,450472,457015,463837,471183,477031,484157,489899,494934,499948,504724,508165,507820,507267,508232,508308,507751,506488,506407,508283,508837,509260,507347,507097,505633,503665,499444,495733,492357,490961,488195,485990,483292,477941,472833,467093,463394,458773,455420,452153,448553,443630,439322,433229,426113,418153,412890,406280,399756,391426,384304,376065,369083,361467,355767,350968,348789,348682,345256,344466,344467,349346,353350,358099,362384,367605,370511,373142,374336,375965,378773,379330,378109,374503,371935,368564,364335,360075,358202,356165,353974,350113,347882,346130,345469,344321,341711,340501,340145,340740,338542,338094,338416,340836,341730,343286,345114,347470,351285,355418,360291,364356,371960,377125,381802,386773,394224,402112,409831,417508,425728,430118,432881,434527,436143,440268,445802,446337,444933,441706,441123,441755,438605,438771,438535,442584,443649,442811,442346,447012,450807,454854,455468,456773,459564,462595,466387,469022,473250,479942,482272,481580,481657,483474,487218,487801,491291,494229,498186,500257,502424,502078,504890,509240,515540,521452,525325,528930,531012,535054,539444,542914,546954,553161,558771,561989,561274,560271,560157,560497,561391,561503,562832,564200,564347,562149,559517,557927,558998,560576,562329,564783,567195,569716,571312,574264,578308,584116,590590
45164,Encinitas,CA,San Diego-Carlsbad,San Diego County,817,283640,284276,285331,285802,286065,286344,287138,287927,288651,289257,290413,292399,294053,295255,295743,297295,299606,302255,304350,307017,310343,314322,318003,321250,324365,327976,332487,337183,341886,346809,352004,356574,360283,363405,366669,369680,373066,376570,379851,383076,385731,387798,390102,392877,396837,401696,406717,412167,417247,422241,428578,435289,442410,449187,455352,462222,468668,474571,481274,488412,496349,502688,507334,510381,513931,517731,522257,526482,530149,534532,537927,541559,545353,551260,558655,567125,575999,584340,593250,601392,611216,619628,627379,635092,642624,649653,654887,662450,669482,679010,686977,697370,706571,718555,733530,746091,757929,770433,787865,803737,818039,831239,845295,855758,865758,870910,876549,886154,897987,906782,909405,911353,914874,917071,917610,917864,918162,921654,921520,922503,919585,919685,915978,911647,904538,900667,897604,897508,894671,892615,889457,881437,872802,863248,859231,854224,852224,849169,845780,838885,832210,823313,813635,803032,798775,793448,792331,787200,782893,769696,758413,746511,739656,732882,730693,731613,726626,725224,716403,716275,713841,722590,730114,740229,744959,748802,749420,750865,754079,752849,753273,750263,749831,744276,736885,728129,723244,718623,715293,710183,707711,704960,702810,699318,694118,692252,691963,693324,689564,690189,691350,695229,695983,699289,703901,708465,714659,718116,724450,729811,744683,754200,762674,772260,785760,800592,815049,830888,847319,858234,865025,870283,872881,880783,890574,890097,886248,878797,876869,879437,874545,876355,874976,882069,883513,880588,878908,888328,896657,905424,906819,907990,912128,916741,923791,928305,937118,951485,958212,957071,957071,959864,967741,970483,979715,988376,999523,1005836,1010285,1007299,1009644,1016138,1027241,1037920,1044626,1045190,1042811,1043943,1051335,1058524,1066947,1081787,1096597,1106276,1106894,1105816,1108334,1113399,1119327,1123264,1126005,1128445,1128705,1125577,1124227,1125305,1133103,1139850,1145019,1152544,1159356,1166190,1170433,1176615,1184602,1193929,1201372
53487,National City,CA,San Diego-Carlsbad,San Diego County,855,116163,116018,116075,116184,116090,115780,115477,115319,115091,114684,114718,114806,114874,114482,113784,113058,113036,113433,114021,114296,114730,115555,116339,117063,117594,118403,119471,120600,121110,121549,121857,122571,123345,123984,124459,124786,125627,126651,127544,128553,129666,130934,132143,133388,134682,136129,137729,139460,140815,142112,144271,146819,149745,152159,154718,157623,160547,163253,165668,168244,171108,173604,175436,176735,178175,180030,181835,183563,185283,187594,190314,193344,196414,199621,202992,206774,210957,215231,219906,224344,229142,233467,237713,242168,247051,252756,258305,264543,269844,275442,280482,286254,291832,298267,305776,311798,317430,322561,329578,335670,341771,348391,356135,362701,369080,373620,378148,384407,390676,396116,398763,401750,405112,407243,407859,408335,408692,410285,409860,410268,410094,411964,412629,412581,410968,409998,408545,407468,406136,404930,404424,400608,397005,391595,387424,382703,379739,376050,372206,366457,359321,350337,339869,329937,320869,310736,300487,288321,276299,264350,254357,245100,237397,230544,225596,221770,216315,213194,211563,213643,215317,216906,217536,219369,220756,223011,224070,225601,228566,230104,230502,229241,228924,229292,229319,228794,228979,227787,227498,226356,226575,226299,225681,224302,222087,220404,219731,219952,219319,220048,221033,222665,222859,223988,225740,228136,230931,233997,237853,241354,246024,249633,252564,256681,261645,267475,273479,279892,286851,291144,293589,295164,297371,301394,306438,307382,307900,306550,307303,308176,307956,309855,311827,315632,317190,317019,317072,321232,324579,328639,329700,331382,333429,335839,338930,341419,345253,350983,353881,354171,355313,357152,360696,363304,367337,371236,374517,376953,379066,379309,382140,386740,392145,397545,401009,403443,404966,407214,410614,413558,416789,421778,426107,428445,428361,427684,428306,429031,429841,430424,432125,434043,435171,433675,432711,432712,435147,437166,438914,441331,443862,446315,447563,449253,451613,455684,459377
6943,Santee,CA,San Diego-Carlsbad,San Diego County,956,156507,156405,156472,156563,156425,156146,155916,155820,155716,155600,155695,155963,156484,156726,156888,157165,158036,159341,160712,162035,163398,165028,166509,167943,169131,170588,172038,173475,174737,175888,177028,178124,179344,180328,181426,182433,183747,185217,186699,188311,189824,191320,193056,195037,197354,199946,202441,205113,207739,210348,213754,217247,220976,224171,227040,230038,232686,235122,238094,241468,245138,247991,250041,251502,253078,255067,257440,259993,262696,265760,268428,270959,273677,277367,281528,286452,291716,297124,302740,308196,315198,320812,326119,330827,336268,341812,346566,352209,357391,362967,367843,373389,376149,381978,389457,397889,404052,410091,418822,426740,434073,441613,449759,456277,463015,466565,469980,474036,479922,484455,485669,486467,488130,489125,488961,488351,488358,489574,489266,489460,487995,488507,487314,485593,481656,478226,475038,473408,470197,467793,464787,459532,454567,448829,446174,442767,441185,438763,435959,430976,426855,420544,413596,405351,399930,393559,387415,378500,370586,360897,353538,345618,339438,334017,331196,329983,324811,321244,316901,318623,319270,322608,324521,328654,330504,332053,331497,332329,335439,337219,337596,335016,332900,329828,326095,322345,320920,319313,318458,315668,314104,311966,310628,309126,306812,305423,304664,304444,302467,302283,302298,303862,303904,305699,308215,310578,313616,317040,321822,326101,332332,336736,340534,345068,351176,357220,363628,370726,379118,383499,386185,387920,390164,394250,400143,401306,401438,399767,400468,401537,400370,402176,403791,407065,407570,406585,406126,410729,414534,418938,419880,421646,423549,425982,428784,431766,436474,443114,445466,444812,444819,445953,448650,449416,453026,456358,459786,462002,463683,463186,465596,469421,474867,479992,483608,486196,486855,488844,492449,495331,498965,504689,510285,513363,512410,511210,511075,512672,515486,517773,519554,519866,519035,515769,513552,512769,515279,517290,519160,520818,522111,523465,524688,528020,532311,538283,543426
20044,Poway,CA,San Diego-Carlsbad,San Diego County,1058,245981,246213,246360,246612,246485,246443,246627,246928,246969,246670,246692,246891,247659,248246,248893,249647,251116,252925,254496,256279,258558,261711,264832,267700,270231,272574,275540,278130,280992,283455,286324,288827,291432,293702,296225,298709,301302,304152,306543,309992,312965,316244,319362,322927,326723,330901,334745,338481,341977,345910,351150,356321,362022,367019,371966,376815,381829,386067,391085,396764,403238,407990,411314,412850,414047,415802,417872,420811,422807,426354,429546,432714,435252,438876,443626,449702,456425,461983,468142,473742,484180,494490,503778,510153,515386,521027,525089,530777,536117,544036,550523,558083,557039,554501,554285,559606,568347,577340,590227,601972,612395,621736,631253,637902,647047,653502,660120,666333,672638,676809,676017,674559,674737,674273,673330,672274,672273,675629,676483,677657,674989,674836,672465,669532,663925,659514,655617,653906,650733,648331,645554,637906,631108,623320,620732,615884,613348,609912,606653,600743,594921,586442,577388,569167,563996,557504,551262,544673,539276,529859,521575,512569,506794,502507,501606,502053,496913,494573,489238,491022,490809,496566,500840,508030,512334,515372,515368,516876,521874,523806,525301,521719,519935,515623,510820,505510,501850,498998,496857,492215,489027,485762,484215,482527,479477,477638,476693,476389,473371,472379,471882,473560,473361,476075,479508,482843,486766,490899,496437,500923,510120,516071,522048,529722,540322,550210,558788,567918,578346,584255,588029,591047,593410,599515,606782,606241,602930,596952,596143,596207,593225,593332,594061,598519,599810,597506,595904,601651,606940,613017,613340,615556,618482,622585,625797,628216,632727,641120,643988,642744,642445,644193,648912,649687,653740,657071,661998,665045,667220,665690,668207,672942,680430,687554,692600,697002,699221,703407,708001,711622,716242,724573,732322,736263,733659,730812,729501,729762,731544,732711,734104,735244,735227,732535,729470,728110,731523,734542,737052,739615,741520,743272,744626,747435,751120,756081,761239
11400,Fallbrook,CA,San Diego-Carlsbad,San Diego County,1088,190685,190305,189619,189094,188220,187704,187512,187630,187583,187368,187442,187703,188293,188870,190118,191485,193775,195801,197653,199230,201251,203839,206449,208790,211021,212908,214938,216700,218424,220424,222447,224653,226721,228604,230190,231757,233399,236169,238546,241399,243568,245368,247100,248855,251268,254079,256929,259578,261902,263960,267040,270807,274934,278864,282548,286288,289659,292267,295834,299823,304575,307661,309950,310883,312294,314058,316419,319390,321834,324961,327323,330223,333192,337817,342785,348150,353505,358660,364063,368834,375491,381529,387054,391846,396399,401104,405381,411671,417886,424870,431055,438202,443416,450428,459615,468560,477044,484611,494744,503129,511528,520192,529471,536894,544083,548554,552798,559029,566484,573875,577479,581083,584010,586043,587006,587739,588820,591191,591779,593121,593060,594097,593671,592719,590716,588902,587106,586437,584514,583232,581709,576967,571548,565137,562035,558857,556750,551460,544881,536585,528735,518201,507219,497986,492809,487073,481927,473007,465048,457061,451675,445455,438054,432350,428935,425798,417057,409556,399674,395576,390310,389781,389266,390214,393484,395543,395039,392268,392662,392821,393581,392456,392562,390564,385932,381449,377614,374691,372965,371664,371495,369834,368160,365816,362319,358525,356786,356870,355191,354756,353926,355141,354468,355993,358017,360357,363536,368490,374367,378606,384762,389797,394823,400196,406862,414064,421893,430422,439861,444981,448550,450871,453195,456196,461054,462182,462883,461192,461719,463397,462142,463555,464108,468153,469798,470164,470890,475901,480439,484948,485871,486410,488023,490087,492613,494263,497513,502925,504399,503004,502543,503741,506877,507949,511610,514802,519163,522101,524821,525438,528459,533034,537696,542163,545179,548286,549952,553151,556758,559734,563087,568282,573349,575728,575363,575053,576149,578123,580532,581729,582840,583076,583056,580857,579173,578458,580808,582331,583209,583876,584401,585291,585915,588027,590319,593921,596957
21991,Lakeside,CA,San Diego-Carlsbad,San Diego County,1247,178275,178399,178437,178586,178548,178337,178152,178005,177756,177201,176804,176365,176452,176395,176578,176791,177532,178704,179706,180800,182077,184086,186053,187967,189491,191089,192626,193926,195011,196041,197450,198795,200204,201348,202819,204176,205624,207178,208714,210564,212308,213951,215985,218139,220622,223034,225125,227500,229847,232812,236542,240531,244589,248334,251207,254204,256878,259812,263261,266885,270937,273420,275402,276543,278268,280163,282779,285742,288806,291925,294954,298019,301191,305443,310000,315349,320585,325966,331711,337187,343640,349294,354402,359399,364672,370539,375686,381985,388245,395169,401358,407964,412933,419790,428297,436753,444450,451691,461492,470146,478084,486221,494567,501753,508976,513690,518354,524170,530655,535475,536889,538008,539859,540458,540513,540037,539958,540867,539776,539677,538076,538692,537189,534971,531031,527673,524112,521657,517681,514843,512085,506714,501276,494753,491123,487407,484864,481932,477733,472304,466946,459529,450428,439789,432019,423874,417537,407995,399257,387675,378851,368669,360754,353842,349958,347734,341613,337358,331074,330706,328815,330774,331875,336006,338508,340130,340019,340902,344513,345784,345883,342812,341200,338175,333970,328749,324868,321322,318620,314830,312151,309635,308458,306959,305236,304439,304867,305372,304099,304155,304300,305732,305442,306489,308242,310875,314075,317332,321399,325435,332106,337128,341510,346612,353456,360926,368255,375383,382802,386711,389138,390715,392687,396707,402282,402865,402501,400114,400141,400650,398330,399284,400473,404803,406342,405762,405827,411061,415269,419517,420301,422597,426055,429300,432352,434234,437586,443517,445503,444818,444634,446198,449571,450216,453260,456397,459857,462337,464213,464197,466641,470102,475333,480343,483962,486490,486964,488513,491914,494839,498774,503840,508434,510232,508731,506528,505756,506500,509321,511459,513119,513368,512801,510384,508598,508432,510790,513277,515206,517245,518377,519771,520873,523904,527514,532699,537587
43354,Ramona,CA,San Diego-Carlsbad,San Diego County,1452,175802,175774,175743,175685,175721,175814,176202,176474,176409,175921,175706,175553,175971,176224,176570,177046,177691,178415,178858,179731,181263,183757,186281,188719,190392,192339,194296,196269,198060,200073,202253,204262,206121,207627,209261,210703,212614,214600,216796,219311,221863,224058,226231,228443,231088,233824,236212,238644,241095,243808,247194,250673,254129,257327,260196,263211,265774,268334,271682,275436,279148,281534,282978,283423,284324,285712,287802,290219,292477,295244,297440,299951,302831,306904,311543,316873,322563,328045,333856,339334,345991,351825,357353,362401,366925,371527,375533,381114,386042,391475,395943,401010,405063,410023,416803,422813,429295,435674,444886,453036,460874,468918,477358,484432,491427,496179,500667,506971,514012,519709,521413,522722,524484,525405,525321,525072,524742,526308,526096,527038,526254,527135,526580,525272,522015,519718,517979,517760,515892,514093,511895,506259,500393,494358,490250,485807,482958,480510,477197,471778,466037,458121,449881,441652,436621,429721,422677,413035,404580,394414,386575,377130,370651,365486,362203,359884,353641,350535,348687,351961,353113,354219,353884,357173,359586,361139,361453,361960,364453,362999,360301,355219,352974,350922,348408,344542,340519,337023,333632,330055,327909,327077,325593,323474,319358,316279,313729,312427,310556,310160,310325,311635,310823,310947,312729,315194,317997,321398,326173,330726,336650,340785,344402,348515,354855,362187,369363,377210,386720,393602,398310,400767,403520,408983,415692,417907,418308,416391,416110,415868,413190,412865,413163,416679,417912,416226,415242,419341,423939,429071,431385,434196,437345,440539,443340,445768,449693,456737,459971,460022,459894,460780,463243,463915,467491,471168,476367,479789,482701,482009,484193,487744,493331,498364,502121,505345,507055,509519,511990,513915,516913,523125,529046,532338,531547,530958,531907,533794,536005,536905,537575,537748,536709,533497,530244,528824,530237,531223,531539,531932,532377,533642,535044,537817,541389,546093,550875
5265,Imperial Beach,CA,San Diego-Carlsbad,San Diego County,2135,113615,113893,114230,114348,114314,114174,114166,114174,114081,113841,113935,113844,113723,113350,113114,113502,114103,114767,115076,115521,116248,117444,118465,119727,120837,122026,122974,123253,123655,124374,125657,126847,127775,128307,129142,129855,130988,132068,133032,134517,136010,137395,138616,139741,141328,143183,144966,146742,148244,149943,152300,154833,157244,159774,162256,165239,167991,170414,173409,176893,180872,184311,187880,190639,193591,195960,199043,202283,205051,208350,210851,213883,216448,219493,222209,226356,231540,236856,241182,245297,250690,255977,260674,264888,269490,274708,279237,283895,287438,292274,297812,303391,307784,311964,318377,324239,330730,337297,346252,354159,361257,368253,374719,380293,385322,389414,393278,398360,403166,406225,406394,406427,407871,408223,407711,406193,405560,406322,405454,404788,402740,403143,402360,401344,397528,394780,393047,393460,392365,390621,388024,383541,379258,374594,372040,369590,369807,367488,364866,359228,354290,348056,342825,337609,332271,323859,314287,303609,293536,285060,277545,270965,265596,261504,257869,254709,251835,251443,252871,256854,259720,262182,263365,266638,269961,273471,276001,278325,280955,281537,281852,280420,281364,281648,281923,281083,280245,278940,278572,279022,280083,281580,280576,279259,275239,274475,275810,277328,276344,275492,275338,275270,275059,276239,279505,283396,288490,292801,295539,297373,301690,306314,310171,315587,321695,328162,334397,340427,346880,350114,352738,355088,357972,363309,369984,372032,372410,371465,372953,376417,376524,378114,380414,387632,394144,395793,396077,401338,406802,413172,414850,415877,419768,426258,433798,438252,441540,448300,452468,454340,457584,460002,466101,471484,481434,488486,494326,496549,500797,503761,512165,520234,527253,535966,542605,547665,545936,546705,550263,558354,567631,577642,582745,584636,584243,584306,586256,587485,590461,594452,599851,601777,601113,598578,596830,595635,596950,598585,598945,600833,603820,605568,605362,606745,609425,613647,618970
25547,Lemon Grove,CA,San Diego-Carlsbad,San Diego County,2228,129243,128745,128252,127772,127260,126698,126326,126097,125868,125548,125377,125349,125647,126066,126596,127219,127841,128809,129551,130400,131273,132573,133896,134938,135427,135757,136263,136866,137987,139003,140178,140961,141906,142565,143388,144390,145831,147304,148550,149924,151022,152014,153293,154950,156822,158874,160612,162279,163905,165801,168368,170931,173587,176052,178304,180797,183102,185222,187756,190524,193668,196279,198333,199918,201638,203976,206507,208869,210810,213085,215638,218662,221588,224661,228323,232421,237379,241742,246410,250974,256637,262297,267030,271762,276130,281217,285324,290805,295129,300262,304438,309574,314177,319114,325508,330713,336651,342458,350660,357845,364717,371777,379184,385150,390446,394267,398172,403816,409715,414465,416089,417395,419520,420839,421662,421861,422514,424255,424458,425015,424136,425122,425111,424266,421563,419127,417025,416502,414384,412712,410742,407088,403517,399451,396587,392979,389430,384694,379176,372634,368010,361816,354186,345326,338241,328969,319513,308456,300159,293393,287876,280519,272867,266013,262298,258872,253226,249868,248561,251965,254242,256428,258352,262948,266151,268541,268975,271427,275788,279370,281342,280545,280024,277935,275550,272331,271418,270572,270395,269455,269099,267774,265974,263878,260867,258850,257297,256744,254896,255001,255609,256975,256691,257218,259134,261491,265903,270553,276056,280494,286730,291356,295448,299810,305777,312745,318389,324437,329445,333704,336772,339612,341739,344650,348256,348453,348110,346447,347040,348021,346944,347408,347427,350376,351588,352529,353973,359102,363216,367111,368621,370011,373065,376156,379963,382161,386160,391657,393986,393714,394386,396550,400456,403375,407827,411052,414215,416667,419005,418866,421085,425105,430126,434672,437123,439165,439866,442312,445271,447440,449970,454545,458968,461025,460190,459023,459337,460466,462477,464177,466289,468044,468317,466626,465250,465125,467564,469872,471920,473958,475814,477554,478995,481649,485578,490874,495941
17587,Coronado,CA,San Diego-Carlsbad,San Diego County,2407,210406,210839,210917,210778,210860,211627,212515,213538,214036,215276,216274,217048,217306,218268,219950,221624,223109,224095,225038,226051,227969,229256,230652,232378,234584,236646,238660,241578,244920,247757,250515,252997,255576,257636,259799,262263,265443,269474,273249,276953,279744,282688,286303,290484,294901,300181,305846,311272,316392,321300,327786,333667,340218,346097,351323,356592,361412,366056,370561,376657,383639,389875,393859,396235,398375,401127,404595,408067,411250,414820,418532,420755,422186,423507,426492,431582,438263,445085,451892,457887,465036,471237,476729,482537,488578,495436,499513,504982,509043,515458,520568,527569,533870,541807,551590,558707,565562,571848,585818,598474,610153,618365,627583,634955,642635,647792,653945,664079,675112,684891,688332,691317,696435,701408,705888,708381,709819,712797,713036,715501,715505,718214,717276,716367,712712,711251,709175,710904,711226,712861,712821,706683,699619,691163,686693,682168,679847,675778,670341,660858,655358,648932,644024,639259,640451,639846,639138,634176,632479,633114,635863,637458,634112,631463,629776,633331,628767,629666,632321,643477,647198,651113,656656,668270,676923,680880,684558,687380,695392,697727,696458,691525,690742,685044,674592,662179,660083,662582,663031,659756,658459,659472,661752,660681,659133,660038,664906,670085,671168,672490,675860,682150,686443,691437,697868,706070,713844,724173,735665,746134,759288,769879,781466,795321,809055,823023,834181,846713,859485,868742,875163,882219,888641,902051,916189,918845,920006,919521,929875,940265,951482,964826,980816,998949,1012003,1014470,1019115,1037796,1060504,1083125,1093687,1107237,1120963,1134996,1148091,1161773,1180452,1206877,1219970,1228295,1234324,1241831,1254288,1261351,1272444,1280341,1288289,1295462,1305741,1311929,1328189,1342836,1361412,1381281,1395159,1410981,1426953,1455473,1485497,1508296,1526560,1549660,1572605,1595750,1607886,1619659,1630649,1646704,1662508,1672718,1680154,1686345,1690861,1689888,1692626,1697149,1710359,1720050,1733240,1742820,1751767,1759129,1768298,1783301,1801867,1823580,1840932
7662,Valley Center,CA,San Diego-Carlsbad,San Diego County,2601,226941,226541,226052,225009,224336,223867,223421,223213,222568,222254,221241,221343,221038,221643,222454,224132,225225,226318,227737,229164,231498,233692,237385,240057,242765,244505,246579,249121,252502,255949,258626,260900,262922,265110,266764,268340,270289,272716,274888,276400,277493,278697,281839,285659,289953,293621,297251,300688,303793,306880,311552,316787,322476,327272,330097,332603,334711,337833,341819,347073,352881,357892,360920,362838,364249,366714,369826,373357,376332,379239,381885,384535,387364,390822,395411,401298,407844,413463,419818,426114,434359,440613,445759,449505,453625,458560,463368,468989,474444,480959,486838,493388,497907,506201,516400,527418,536575,544964,555342,564902,573683,583175,593125,601732,610042,614878,620239,627662,636999,645290,649279,652626,657022,660094,662095,662157,662739,664714,664787,666283,666027,668356,668382,667960,663787,660681,656824,655818,653861,652538,651167,643344,635423,624679,619221,613101,611701,607949,603260,596574,589067,580854,569763,559684,552251,545168,539915,531027,520103,506874,497456,485906,475718,463033,455124,449254,440296,434046,422835,418042,412941,413718,413152,415401,417120,419980,420601,421431,423902,423046,423420,421486,420632,416041,409713,404617,401665,399256,396296,392448,389405,386559,383892,381403,378811,377241,377253,376472,373388,371916,371978,372975,372679,374445,377994,380634,382751,386391,390377,393579,398972,403635,408073,413847,421551,429748,436964,444724,454423,460281,465192,468972,472933,477359,482552,482548,481356,478119,478290,479950,478345,478904,478722,482227,483069,482127,481962,487334,492450,497392,498154,499320,500971,503146,506145,509711,515690,523656,526719,526007,525931,527298,531178,531738,535658,539090,544516,546937,548417,547320,549868,554192,559597,564462,567018,569846,571469,575085,578139,580428,583490,589057,594044,597294,597410,598038,599668,602117,604965,606230,607183,607684,607060,605078,602711,601071,601599,601687,601784,601909,601704,601945,602395,604376,607148,610441,613930
43867,Alpine,CA,San Diego-Carlsbad,San Diego County,3065,243627,243531,243356,243207,243123,242999,243254,243198,243570,243482,243326,243523,244307,245314,246239,247455,248975,251042,252384,254580,256166,259092,261498,263795,265660,268285,271597,274218,276492,278484,281418,283894,286454,288113,290567,292746,295126,296778,298340,301223,304279,306757,308637,310510,313347,316472,319735,323232,326271,329241,333122,337080,340965,344930,348850,353717,357963,362265,366567,371401,376699,380890,383671,385221,387796,390893,394704,398132,401430,405280,408775,412304,416469,422568,429424,436723,443332,449401,455171,460693,470213,480082,489894,497372,503164,509304,512893,518987,524660,533391,541379,550264,552071,552028,553603,558680,566601,573134,587487,600458,613934,623418,632907,640442,649393,657282,665012,673736,682585,690627,692240,692379,692663,693126,693873,694685,696782,701073,702669,705064,703813,705610,703806,702201,697125,694584,691179,688470,683463,679112,675925,668114,660511,651175,646545,641695,638659,632724,625099,616305,608846,599852,589086,577521,569141,558994,551030,538649,527989,515340,507631,499499,492810,486118,482421,481707,475795,472310,463563,462441,460734,464644,466516,469356,469883,469428,466072,463524,464444,463608,462944,459338,456687,452092,445284,438383,433544,429432,427143,422594,420322,417911,418179,417084,414654,411507,410385,410789,409695,410821,411535,413604,412295,412354,412469,413331,414492,417097,420815,423655,429115,431532,433798,437189,444340,452498,460492,468424,478276,483890,487697,489833,492598,498912,506228,507832,506223,501828,500904,503085,502043,503641,503442,507449,508322,506905,507050,513461,519708,526659,529167,529816,531158,534298,540419,544864,549998,556771,558243,556315,554853,555127,557063,557818,561805,565415,568747,570205,571816,571232,574172,578390,584490,591016,596054,599835,600909,603924,607329,611191,614805,621380,627124,631443,632803,633469,634274,634906,635974,635255,635309,635419,635565,633447,631052,629457,629905,630045,630681,632484,634723,637569,639833,642577,645693,649894,654559
30526,Bonita,CA,San Diego-Carlsbad,San Diego County,3369,186770,186320,185831,184685,183449,182267,181934,181759,181532,180997,180572,180542,180725,181111,181404,182741,184282,186257,187211,188471,189803,192294,194736,196847,198070,199413,201598,204032,206731,209116,211569,213377,215502,216555,218152,219578,222292,224464,226142,227510,229159,230493,232309,234404,236761,239795,242219,244352,245738,248019,251524,255054,258174,261499,264801,268000,271235,274015,277827,282213,287284,291314,294249,296864,299668,302579,305461,309429,312493,316178,318904,322343,325716,329690,334179,339249,345598,351658,357920,363191,370065,376203,381976,387456,392815,398770,403902,410481,415800,422228,428428,435602,441882,449535,460060,469180,478712,487416,499885,511227,522155,532654,543417,553095,563178,570228,576340,583897,592478,600742,604124,606775,608953,610471,610425,609355,608242,609509,609079,610369,609294,610344,608525,606325,603419,602632,602247,602466,598605,595150,590251,582351,574118,565952,562565,558696,557911,554301,549155,540410,534336,526242,517219,507065,500214,490802,480646,467416,452959,439017,428176,418959,410455,403025,399728,398434,392038,387757,384133,386402,388159,391173,394569,401615,406475,410376,411915,414567,420446,423783,425588,425126,426473,425212,421596,415627,414228,412322,410766,407195,406729,406584,406191,405087,403024,403591,404130,405441,403060,403577,404074,405728,404290,404870,407298,409526,413723,418117,424073,427893,435154,441124,447674,456555,467459,478634,489039,500015,509226,514860,518931,523940,527719,532359,538001,536763,534340,530292,530238,533208,531180,531415,531116,536901,541361,542779,544605,552414,558574,564167,564403,563508,566836,571170,576939,579121,582347,589830,592189,591332,591073,592656,597151,598692,602484,605844,609906,613105,615284,614065,616082,619656,625317,631039,634953,638421,639477,642076,645594,647481,650291,654830,660090,663163,663228,662654,662763,662202,665144,667658,670920,671940,672405,671646,669560,667880,668765,670262,671939,675410,677236,679203,680486,685192,690677,697527,705239
20544,Solana Beach,CA,San Diego-Carlsbad,San Diego County,4668,188962,188581,187828,187450,187070,186983,186627,186598,186209,186596,186968,187387,188228,188964,190250,191263,192692,194404,196889,199384,202734,205164,207875,210033,212516,215557,219185,222888,226235,228775,230931,232703,234333,236372,238945,241473,243962,245792,247335,249263,251818,254647,258028,261403,265069,268359,270799,273557,276434,279924,284176,288412,292020,295797,299327,303760,307397,310990,315704,321309,326819,331461,334916,337387,339902,342072,344162,345890,347604,350222,352330,353807,355666,357706,360967,364648,369590,373965,378716,382845,388381,392917,396795,400011,402693,406098,409294,414218,418621,424591,430051,436416,441760,448287,457097,465496,474181,482674,493171,502600,510881,519013,528590,536864,545368,551523,556880,564537,573612,582074,585525,588021,591288,594204,595207,595970,596873,599632,600544,602036,600361,600123,598895,598068,596230,594977,594230,594352,592478,590220,588668,585115,581835,576002,572642,569440,567930,564085,558604,553155,550764,549340,546319,541572,540266,540657,542401,541112,539949,540618,543013,545114,545003,544692,545926,550079,550335,552745,555828,564363,571240,577315,584208,589322,593539,595281,598816,602343,607993,608842,608031,605000,606121,608213,608212,608440,609458,611471,611621,610338,609485,609946,609746,608833,602867,599750,597555,598334,594746,594224,593755,595407,595476,598392,602997,606718,612784,613942,617419,619474,632212,640525,648693,658929,672633,685113,695028,706010,713707,717949,718978,723734,727222,737056,749020,751977,750756,748739,752705,757073,762623,774336,787827,799246,804100,804488,806372,817761,830123,841842,848599,858029,869490,881487,892919,904915,919540,936955,946189,950142,955387,963212,973733,981832,995775,1010370,1025322,1036289,1047196,1053051,1065313,1078397,1097007,1114360,1130581,1144716,1153662,1165426,1179927,1197133,1214338,1235047,1256006,1274556,1284073,1292348,1301474,1315547,1329239,1340630,1346176,1352045,1357266,1359709,1360209,1360618,1367555,1374285,1380128,1383469,1388179,1392761,1400173,1406694,1413558,1421786,1430034
45919,Jamul,CA,San Diego-Carlsbad,San Diego County,5034,211922,211333,209882,208846,208303,207539,207354,206966,206827,206608,206376,205564,205999,206921,209511,211697,213405,216163,217938,220405,222140,224666,227285,229835,231854,234323,236518,238945,241349,243092,245389,247047,249293,250511,251515,252879,254194,254642,254322,254262,254766,254677,255226,256471,259461,263251,267193,270403,273920,278589,284457,289884,294769,299667,303456,307274,309277,311552,314277,318152,322119,324416,326346,328000,329766,331096,334083,337827,342540,346630,350523,354867,359644,365460,370376,375910,381926,389720,397004,403908,410692,417260,423095,428964,434201,440066,444678,450484,456507,463081,469120,475164,481558,490236,502223,511773,521117,529207,544850,560365,574250,585088,595593,605587,614393,620073,624162,631413,639992,649381,652649,654937,659456,665588,671783,675977,679033,682763,683534,686653,687522,689834,687020,683644,677993,672913,667160,661073,656025,651388,648767,639817,634485,627038,624801,620602,616971,610936,602642,595686,589545,582748,573561,564821,554777,544515,534067,520496,506999,495321,490112,484536,478958,472293,468473,465990,460592,456495,453622,458125,463551,468788,470343,472595,471610,472337,471690,473228,476052,476600,474079,469812,466458,463410,459655,455403,453450,449947,446836,442136,439927,437567,436004,433046,428844,425389,422460,421135,419280,419728,419311,420206,418700,421073,424379,428710,432428,435979,440842,444268,451278,455674,460878,465797,474416,482145,489110,495503,504123,510538,515807,519795,522170,528869,537182,541198,541711,539358,541407,544031,543659,544245,543840,547783,549873,548031,546056,549217,552889,557731,558145,560178,562884,566790,571136,574475,578485,585909,589042,589305,589181,590109,593483,592881,594436,595706,599120,601985,604846,604851,607082,610350,616163,622019,625710,628612,631291,636116,641659,644671,648237,653491,659317,663582,665285,666106,666618,666663,667543,668210,668908,668972,667147,664397,660846,658036,656339,655610,655955,658076,659547,660538,661106,664011,668592,674174,680443
13436,Rancho Santa Fe,CA,San Diego-Carlsbad,San Diego County,5109,802831,803357,804035,803106,801839,801244,802077,804016,804954,808889,813088,818886,821260,823231,825180,831366,841089,851737,860261,868008,878557,885523,892284,898108,909608,923027,937537,950000,958215,965323,973551,982216,990477,999169,1008485,1016667,1024597,1034686,1046202,1058175,1071131,1082719,1097300,1111608,1125318,1139333,1152793,1167772,1180520,1192260,1207353,1224750,1244812,1262900,1276352,1290583,1305570,1323629,1343645,1366810,1388997,1406697,1419731,1427380,1434118,1444455,1458218,1473889,1484720,1496080,1506094,1517003,1532438,1550588,1569363,1589821,1612869,1634669,1658875,1679760,1707700,1728541,1746329,1760043,1772348,1787636,1796861,1812741,1825288,1846530,1863290,1884894,1904126,1929815,1964507,1989175,2011333,2027540,2069353,2105292,2141880,2165324,2190165,2206310,2221535,2231977,2242849,2269663,2298438,2327458,2332952,2341052,2346880,2355477,2359904,2365499,2369572,2378822,2377646,2379306,2372957,2373613,2365283,2355681,2343309,2336513,2329716,2326973,2319007,2312506,2303900,2278429,2251267,2218711,2201746,2188048,2186072,2175222,2156065,2127552,2108744,2083025,2055841,2030428,2024264,2016417,2011245,1980892,1946610,1912008,1903541,1897977,1885077,1873569,1874019,1882865,1866561,1863007,1847217,1862670,1865549,1881377,1883694,1894629,1906973,1920190,1925439,1931056,1951475,1955115,1963345,1959051,1973669,1978292,1974979,1961312,1950466,1935777,1926435,1912379,1907435,1902494,1899410,1894028,1876816,1864261,1857942,1861670,1856246,1861115,1863913,1875115,1874402,1885903,1897238,1908663,1928597,1952367,1983528,2006967,2047928,2077413,2101006,2129556,2168559,2206885,2243177,2284604,2331071,2353761,2361735,2363872,2366752,2383979,2414632,2411356,2401681,2378740,2377980,2387705,2369375,2368749,2360658,2382644,2386771,2378299,2369920,2394637,2411724,2432442,2427222,2422365,2427169,2433690,2448767,2449313,2460211,2483279,2486331,2470227,2457636,2450176,2455192,2445185,2454556,2460625,2471220,2472913,2472509,2458214,2456865,2465501,2485774,2506135,2517602,2516325,2506329,2504708,2513892,2521976,2531838,2557806,2581906,2593568,2581153,2570088,2566725,2565907,2563745,2554375,2551269,2547797,2542217,2523994,2510359,2503436,2515045,2519987,2522404,2532387,2543979,2558568,2563764,2573559,2585990,2604801,2620799
17114,Bonsall,CA,San Diego-Carlsbad,San Diego County,8937,201432,201142,200686,200634,199928,199592,199380,199773,200126,200564,201420,202187,203279,203922,204654,204996,206993,208819,210877,212024,213575,215170,216929,218844,220802,222982,225925,228905,231068,233235,235255,237862,240062,242196,243923,245114,246536,248389,250323,252848,255252,257358,259102,261019,263721,267243,270325,273590,275851,278217,280957,283989,287357,290760,294478,298166,301157,303185,306482,310272,315650,320306,324260,327011,328932,331142,333353,336360,339439,343819,347649,351674,354717,357853,361626,366129,372797,379177,386270,392181,399175,404508,409199,413213,417566,422754,427172,433620,438608,444310,449001,455307,460413,467814,477127,486091,494408,502391,513388,522789,531463,540814,550167,557742,565104,569834,574746,582681,592785,601110,604070,605979,609183,611596,614098,616058,618275,621532,622441,622459,620014,620800,621569,621969,619301,617072,615048,614881,612064,609802,606310,600038,592754,585146,579662,574039,570718,566367,561095,552468,544962,535665,527602,520400,517347,510857,503018,492044,481958,471080,460685,450717,442060,435110,430106,427334,420176,416072,412942,415274,416082,418305,421662,426433,431352,434276,434733,432267,432537,431103,430567,427886,427697,425864,422161,418092,414945,412201,409712,407818,407250,406710,404652,402760,398225,395366,392899,392897,390604,390429,390889,392872,392088,392312,393561,394575,397445,401676,407898,412208,419043,424275,429335,435107,442880,451184,459756,469517,480160,485301,488437,489397,491182,494284,499255,499584,499970,498921,500422,501861,498756,499380,499080,504348,506578,506906,506867,511894,515757,518930,517652,517052,518573,521188,524818,526496,529717,535487,537912,536594,536162,537836,542626,544391,549193,552755,557694,561133,564191,564754,567455,572355,577617,582883,585839,589155,590348,593622,596769,599638,602749,608583,613838,617314,617395,617705,618932,620980,623314,624070,625607,625724,626386,624680,623701,622395,624174,625363,626494,627533,628784,630607,631755,634747,637469,641363,644897
24373,Descanso,CA,San Diego-Carlsbad,San Diego County,9790,156430,156403,156641,156974,157107,157029,156511,155901,155801,155535,155173,155339,155992,156305,156208,156060,156777,157994,160058,162204,163674,165574,167417,169125,169805,171103,172731,174514,175553,176669,177410,178264,179067,179856,180959,182505,184602,186494,188293,189947,191536,192485,193717,195482,197956,200286,202071,202966,203834,205466,207879,210531,212357,214465,217386,220195,222539,224301,227177,231401,235886,238328,239282,239805,241761,243873,245233,246641,247523,249494,250962,252696,253691,256381,260448,265062,269147,273311,278057,283141,289141,293894,298035,301259,305810,310469,313633,318059,323466,330064,335684,341060,346805,353739,362019,369112,375402,381840,391962,400380,406355,410676,416503,421981,426269,428391,431005,436877,444092,448785,449869,449615,451095,451330,448701,446733,444235,446380,445449,446102,444068,443975,441833,441729,440999,440260,440246,438523,437873,432968,430556,422754,416973,411225,409722,407359,403164,399044,394451,390997,388244,384747,378384,371304,366131,362138,356840,349280,344084,342041,341234,338411,334521,332957,334440,337099,334199,329646,324327,325281,326738,325577,323544,323296,323511,323129,320455,319741,322354,324638,326947,324087,321945,319697,317686,314429,310824,307660,305859,302668,300068,296398,294062,291318,287117,284827,284270,285032,283940,282776,281188,281384,280321,282477,282709,284282,284680,284120,283112,281685,282677,281685,281371,281458,283471,284866,287706,291853,297133,299994,301561,302753,304222,308621,313972,316245,316908,315093,315584,316122,316139,317547,317804,320719,323040,323410,323097,326750,330876,336133,336768,336223,336104,338027,343274,347898,352998,360964,365897,365659,364048,364213,369011,374457,381249,386587,389946,391425,392804,391430,392391,396658,403158,408462,411462,413936,416504,420960,425035,428084,429146,431499,435065,436689,435366,433863,433548,432754,432117,430515,431272,431492,432830,433429,432224,430889,431688,433017,433747,435050,435956,437050,437007,438444,440149,442431,445257
23931,Campo,CA,San Diego-Carlsbad,San Diego County,9985,169248,167230,165363,164223,163655,164095,164509,164408,163613,162682,161878,161643,162936,164756,166822,168102,168476,168057,168243,169638,172425,174284,174995,175485,175684,175613,175423,175541,176920,178249,178979,178961,178167,180569,184352,188787,191284,193564,195705,198017,198978,199052,199675,201529,204848,205648,205676,204122,203298,201967,201485,201789,203792,206354,208057,208768,209072,210560,212118,215301,218944,222985,226041,228515,230244,232941,237684,242639,245831,247441,249886,252460,255490,259059,263927,269174,275027,279303,282135,286599,295691,304760,313180,319359,325694,330488,332832,334838,335834,338180,342260,345832,345806,349111,352801,358199,361658,367181,377270,387453,398602,411128,423696,434307,443915,449552,455485,462874,472760,482218,487587,493166,496191,496791,491431,487921,482881,482891,481545,483657,482603,479983,476750,474172,473705,470041,468782,466569,467369,462870,458103,445657,436807,430689,427713,422509,415372,410183,404736,397559,390917,385236,377982,371277,362408,352195,338151,323317,310492,299985,292731,284758,276573,266416,259027,251770,244414,237297,233096,233176,231560,228226,223634,222422,220649,220053,217785,217597,218706,218110,216729,212318,209394,207039,204449,201358,198496,196879,196044,194765,192902,191893,190057,189738,190064,191571,192686,192112,190759,189587,188882,188027,187485,188682,191184,192175,191437,189943,188594,188179,188540,189345,190312,193067,195004,195646,194914,195672,198987,201140,203558,205090,208042,211290,213905,213861,215089,216922,220194,222408,220684,220392,220184,223666,225683,225123,225076,225982,227112,227553,227068,227214,229996,234110,238249,239712,241474,245267,247989,250083,251432,252157,253803,256065,260527,262728,265892,268208,271512,272153,273744,276326,280205,286536,291719,295067,294947,296424,298064,300756,302147,307696,312986,317165,317089,315212,314127,314668,316419,317289,317477,317105,317278,315696,313838,312349,313117,314547,315856,316754,317965,319629,321671,324141,326878,329708,333035
8185,Del Mar,CA,San Diego-Carlsbad,San Diego County,10221,178445,178232,178450,179681,180932,182255,183682,185265,186840,188165,189380,190759,192778,193795,194667,194385,194033,194556,195509,197828,201048,206326,212163,218772,224446,230690,236600,242189,248674,254102,259187,261913,263742,262463,261830,261174,263438,265449,268094,272019,276325,280605,285414,290512,295697,302128,307490,313025,316638,322527,329721,337525,343670,349047,352897,357574,362431,367787,374481,381879,389940,395794,399098,399895,400687,402133,404848,408621,412618,416509,419233,420670,423765,426477,430646,434888,441299,448521,456057,462115,468258,473284,477785,482597,484988,488794,490907,497055,503769,513852,524210,535425,545530,557236,572346,586903,602481,615237,633499,647983,660246,667236,673210,679284,687981,696372,701606,708371,714834,723263,725897,731555,737845,745212,751292,756385,757015,758138,757080,758410,759284,761219,762954,760518,757474,753077,750111,745764,745807,744987,743797,738433,731839,729383,724991,721928,719661,718076,713618,707580,703584,698321,699919,698064,705553,707941,717905,721200,723265,722638,726550,730281,726603,726851,721798,726355,716197,706091,689622,684296,679476,681214,683598,691597,701344,707469,715491,719636,730509,741459,754773,764538,774173,780964,785093,787636,791362,794679,796910,797074,799673,802194,806620,811212,817483,822785,827970,831525,834991,843867,854516,870338,880501,891151,900835,909609,919330,929151,943232,958100,978046,991588,1005735,1015988,1031897,1050257,1069609,1089869,1104922,1113988,1119718,1126703,1135292,1149856,1163962,1171457,1181574,1190174,1201867,1209807,1222620,1244925,1268019,1291260,1304821,1312477,1321520,1346737,1367538,1389404,1401017,1420650,1439138,1462030,1483380,1505284,1532333,1569596,1594708,1607376,1619351,1634013,1657510,1676698,1704756,1727003,1753532,1780399,1807897,1820674,1842944,1868746,1902171,1935914,1969159,2003730,2027935,2052827,2076033,2095217,2114913,2147106,2186529,2226320,2253728,2271527,2288581,2307987,2335927,2356950,2368563,2375176,2378788,2382827,2383737,2386644,2394903,2405435,2414819,2422227,2426271,2436390,2453367,2476250,2500880,2522036,2540131
15441,Dulzura,CA,San Diego-Carlsbad,San Diego County,12034,153441,152954,152838,152959,152616,151776,151081,150421,149816,148261,146928,146645,146785,147159,146976,146778,147057,148439,149662,151150,152382,154822,156970,158228,159737,161357,163187,164127,166060,167812,169992,170896,172272,174190,176430,179002,179930,180104,180605,183164,184339,184608,184091,186527,189281,191724,192800,192762,193396,194411,196890,198052,200122,201993,204823,205487,206045,206384,209677,214931,220342,224114,226371,228632,231174,234354,237391,241416,244163,247595,250076,252604,254579,258619,262394,268675,273289,277269,279758,282480,287488,291844,295274,298839,303312,308172,312591,313861,317599,322858,331192,339383,346925,356018,365058,372090,379778,386660,397371,409504,419216,427948,433821,439515,445659,448959,454986,462125,468825,473952,475901,477459,480949,484277,489396,494178,496831,499005,497781,497984,498545,502101,503243,503620,501600,499885,495692,487832,479715,475087,471575,466468,459878,453175,447417,440692,435125,427484,418592,410651,404093,397001,388094,378715,368474,358040,348123,337548,325094,314418,309949,307702,305990,299704,294729,289967,286361,283007,280615,282502,287530,293358,294419,295175,292054,293481,295569,300095,304299,306428,308214,307559,305815,302248,298785,294882,294296,293055,291723,288711,286533,284065,280117,276228,272981,272882,272760,273774,273265,274608,274676,274687,272972,273599,275903,277954,279004,277032,277635,277518,282497,284499,287451,291605,297963,304520,310685,317210,324217,330170,335892,340901,342643,346186,351248,352942,354885,357099,361622,366931,369232,374532,375333,378479,379171,377795,376553,379061,381165,381544,379284,378595,380073,381117,384286,387214,392423,400861,405470,407479,408054,409189,412415,412814,416455,419356,424433,427654,431134,431405,434116,437630,444123,451206,455257,456318,454636,456986,460193,463818,465424,468930,470832,471872,469228,467437,468503,470859,473196,470991,468935,465890,462675,460154,458998,459252,460325,460335,459394,459536,460322,462875,464583,467452,471571,475123,478331
25341,Julian,CA,San Diego-Carlsbad,San Diego County,12892,146725,146109,145768,145763,146121,146873,147054,147047,146926,146495,146081,146098,146279,146690,146323,145409,144648,143834,144265,145255,146538,148730,151081,153649,154638,156047,159098,162463,164983,166356,167836,168978,170492,171001,172306,173209,175787,177356,176787,176643,176791,179156,179702,180631,180769,181813,181774,181937,181953,183163,186587,189620,192502,193232,195186,197316,199824,203566,207906,212995,216211,217872,217578,217822,218699,220629,222500,223915,225091,225431,226533,227887,230344,234121,238557,242868,247291,252208,257335,262141,269246,275012,279891,281706,284074,286050,287411,290290,293340,296786,298551,301574,302094,303589,305002,309317,314950,321207,330799,337567,342882,346620,352096,356690,361492,365900,371904,378212,383626,386743,386821,389039,392665,395796,397177,398497,398606,398979,396502,396796,395259,396813,395401,392984,387764,384236,381951,379418,377260,375121,375297,370828,367125,362096,359505,356628,354502,351207,346152,341499,339288,337470,333501,328559,324363,319518,315620,309615,306167,303669,303877,301913,297847,292931,289156,286733,282651,280399,278217,279035,277989,277268,276629,279114,280799,281805,282453,284039,286434,285446,284381,282299,281698,279222,275036,269276,264433,260233,256440,253234,251330,250511,248380,246330,244171,243421,242638,242390,241669,241986,241273,240792,238951,239852,241076,243239,243499,243845,244537,244313,246150,246914,249832,252254,256167,258843,261853,263693,268059,270948,273802,275833,277764,282013,285983,288019,287968,285407,284859,286581,285766,286096,285717,290018,292238,291687,290523,291934,294632,299146,300648,299471,299153,299154,301038,300824,301750,305989,308023,308677,308682,309217,311818,313995,317996,321926,325642,327598,329876,329399,332026,333980,336859,339087,340753,342955,344525,347722,351004,354761,357788,360945,363299,366171,366682,366597,366189,367386,369574,370091,370396,369782,368896,367789,365382,362811,362730,363522,364600,364680,364220,364566,365378,367505,370517,374553,379850
17124,Borrego Springs,CA,San Diego-Carlsbad,San Diego County,13263,156593,158065,159044,158509,158482,158052,157515,157049,155956,154952,153987,152131,149003,147905,147812,149642,150437,152635,155256,158043,160585,163024,165280,167891,170465,172044,173138,174237,176107,175572,173860,171604,171531,171345,171636,172183,174049,176619,177688,177591,176995,177497,179011,180042,180184,180681,181439,183010,183280,184443,186738,189979,192378,194307,196241,198444,200637,202538,204358,204998,205628,204493,205043,205930,208581,210714,212233,213779,214163,215038,215829,217007,219245,221736,222671,221881,220867,221474,222245,223376,225515,227396,228021,228871,229509,230231,230316,232428,234773,237165,240195,243549,247736,251496,258035,263521,268322,272927,278954,284314,288173,291826,296047,299866,302220,303954,304443,305981,309544,314332,320689,326991,335211,341523,345840,348029,351115,356067,361430,368348,373539,379274,381014,382981,381993,382841,382583,385093,385684,385993,383873,378732,373800,370384,369334,366906,364447,361805,359531,354776,349867,345150,340976,338640,335577,330540,325295,320075,316462,309357,304866,301025,300535,297564,295519,290459,284810,277899,270414,263834,257084,253282,249143,245441,240226,236098,232242,230921,230852,229046,226387,223119,220316,217617,213483,209093,203321,198191,193345,188103,182825,180211,179807,179963,179837,179472,179249,179475,180246,180791,180774,180428,179443,177942,174713,171044,167831,165525,164043,162183,161483,161756,163152,166322,170207,172958,175806,178916,182539,184110,185431,187898,190965,193226,193630,190733,187285,185527,185718,187425,187115,189224,191111,192972,192852,191025,190368,191570,194323,197045,198708,198902,199972,199262,198165,196235,195360,197331,198147,198701,197790,197667,197023,196096,195542,196155,197997,200173,202387,202465,203124,204067,205709,205958,205761,206270,207006,208597,209457,210117,210626,212436,214168,215869,216635,216421,216005,214623,213919,213592,215048,216743,217211,215819,214855,213612,213546,214573,216064,218042,219346,219788,219059,218292,218653,220310,221732
16563,Pauma Valley,CA,San Diego-Carlsbad,San Diego County,13951,187224,188811,189460,189909,190232,189742,189274,188978,188276,188519,188596,188403,187964,187004,187987,188214,187933,188625,189812,191241,193164,193846,195899,196729,198325,198999,198914,201175,204687,208695,210992,212528,213807,215323,216699,218886,221312,223999,225432,225469,225550,225173,227707,230214,234124,237061,240430,242796,245396,247638,253328,258719,264635,269306,271419,272870,272607,274711,276515,280163,282666,285836,285805,286224,285720,287138,289827,294338,298933,301847,304309,306240,309494,312376,315791,319367,322656,326635,330495,335206,341058,346931,352175,357348,362179,367854,372685,378345,387257,394608,401438,404616,406878,411444,418375,425619,431482,435734,445241,455142,459665,464122,469062,477962,485661,490876,496202,502469,509792,517541,521187,523080,528725,534279,539435,540723,543061,546169,547872,550848,554580,560096,563529,566803,566695,567322,566390,568196,569960,572942,573883,569470,563656,556960,551297,545411,544885,543732,542772,536361,528565,518212,510068,504646,501098,495412,490137,482000,470455,458265,449248,440859,434188,427070,421938,415517,407017,400465,395213,394344,394227,395457,395528,399513,402208,404298,402953,403825,406874,408759,408837,407093,405273,402039,395908,389927,385683,384121,381960,377093,373078,368339,365112,361200,356555,353880,352815,352067,348382,345645,345036,347382,346731,349185,351576,354762,358197,360752,365315,368028,374724,379438,383172,387337,393326,399307,403627,407607,414373,418594,422491,423898,425736,428545,433892,434419,433939,430783,432354,437569,437149,439803,439006,445723,448210,447883,447663,452471,459405,465168,466938,466510,468347,468100,468932,467652,469295,475426,476038,473308,468921,467267,467695,466514,468141,471224,475393,477260,478278,477187,479140,483908,489711,495654,497414,498475,497196,498096,500497,502827,507038,510536,516231,517786,519220,518148,519060,517007,519141,522292,528886,531285,530823,528771,527164,527124,528082,529830,531855,537003,539430,539879,536811,537861,540505,545297,548420
20760,Tecate,CA,San Diego-Carlsbad,San Diego County,15423,,,,,,,,,,,,,,,,,,,,,,,,,,,,,,,,,,,,,,,,,,,,,,,,,,,,,,,,,,,,,,,,,,,,,,,,,,,,,,,,,,,,,,,,,,,,,,,,,,,,,,,,,,,,,,,,,,,,,,,,,,,,,,,,,,,,,,,,,,,,,,,,,,,,,,,,,,,,,,,256638,256410,255697,254392,254371,254573,254364,252938,253195,254830,256027,254229,251577,249472,250547,253131,254422,254948,255306,257220,255808,252168,248057,248138,249355,250468,248369,244515,239344,235395,233573,233147,234413,236417,239849,242507,244356,245208,245524,247502,250779,253746,254948,253980,253140,252293,252227,253757,258057,260326,263134,263440,268854,273751,278912,282829,288125,295596,303152,310483,314645,321384,327503,337624,341928,348906,354521,360852,363473,366271,370749,371376,369918,368688,373177,375884,375951,371836,370391,374269,378679,379821,378945,381507,388406,394003,396204,399246,407647,416685,422343,420140,421894,424305,428987,432396,435295,436665,433281,428624,423147,418174,417116,420609,424163,426514,419480,413800,405851,401650,401983,401182,402710,404101,404779,400746,392626,385967,387590,387235,387618,386301,384005,382872,379504,376221,372377,371199,372185
55036,Warner Springs,CA,San Diego-Carlsbad,San Diego County,15782,122151,121341,119010,116522,114825,114357,114541,115297,115004,115879,116229,116377,115309,115989,119027,122188,124906,127116,128604,129737,131677,132152,133583,134041,136138,137329,139063,141791,144291,144279,143530,142617,143988,145419,147694,149973,152214,154502,154638,153968,152740,154029,157457,159963,161209,161520,161688,161212,160787,159948,160905,162317,164414,163955,161714,159387,158035,158920,159621,161004,161179,162481,163935,165434,167960,172406,178388,184700,190341,194119,198585,203937,209483,213686,215963,219286,221550,222311,220513,220424,221729,223035,221504,218494,219338,222279,225841,227935,231144,236541,243177,247448,250028,255017,263580,273073,277285,280136,285764,291401,294445,295880,300150,305727,312757,316735,319850,321276,324987,328936,331844,335354,340002,344825,347204,349821,351633,355543,359230,366365,375256,382741,387823,390560,393530,395639,396263,397226,394031,389694,384032,379375,374136,371087,364192,360066,353864,351300,348399,344174,343244,341456,340063,337672,333272,325358,321271,315964,316661,314853,316694,315937,315549,312269,310342,304099,300550,300825,304853,308148,305377,301019,296271,295442,293660,294972,295375,299240,300988,299023,291886,287409,286365,286661,281949,275737,272062,269459,267086,263386,260284,258804,257940,255171,249885,245800,245314,247084,246768,245878,243785,241716,239389,239267,240364,241320,240681,240127,240063,239911,240406,240949,242571,246057,250170,250524,250994,252914,261075,265302,266618,264837,264959,264868,265876,264485,263267,262125,260783,259752,255870,256847,260387,265315,267179,267553,267257,268318,269661,273434,277522,281831,285955,286397,284960,284945,287160,291925,294464,298261,301417,304905,306330,305843,305144,307478,311559,313545,314364,314437,317923,320105,321903,322373,324010,324636,324126,324307,325198,326794,328482,331106,333415,334598,335235,334409,333756,330131,328874,327466,328839,329036,326896,323404,319764,317291,315950,315785,315335,317828,319237,320059,318498,318083,319803,322537,325325
53784,Pala,CA,San Diego-Carlsbad,San Diego County,18260,213904,213859,213043,212284,210785,209187,208399,207156,206849,206746,207218,207021,206293,205513,206308,206439,207345,208058,208529,210128,211800,212983,213111,214033,215887,217601,219106,221816,226063,229711,231762,232974,232318,232494,232254,232363,233754,237025,238833,240730,240062,243719,248352,253345,257349,261092,265583,269833,271849,272539,275270,278875,282545,282519,281808,281860,286505,291776,300213,307351,316556,324022,332669,337254,343524,347651,354538,361958,367506,372177,372595,372848,372550,372751,373791,375893,381156,385962,391363,393324,397256,401445,406554,413987,420905,429706,433512,440657,446597,458273,467839,479281,484536,490515,498937,508896,518654,526071,537716,549301,555672,558855,560334,564027,572728,580394,584301,587801,592326,601144,604839,607079,611979,615473,619446,620734,623203,625013,627632,628580,630429,632641,635099,634537,630200,629402,630596,632784,630910,630232,630433,627822,623765,615702,613881,612406,614599,610464,601771,591463,580988,573697,567445,563523,555689,544879,532041,520795,512019,509134,512873,514009,515279,510066,505310,498448,498058,502228,506925,510151,511514,509689,504319,502497,500870,500344,497773,497326,493994,488716,482105,479907,476235,472825,466571,461967,458897,456941,452603,449240,447662,446845,444235,438193,433568,431405,432011,431966,428912,429066,433514,437967,438988,439108,440985,444674,449587,452108,454730,456041,463050,467796,470768,474270,480736,491639,502996,512388,520548,526232,531835,533916,534631,536204,538376,536778,534881,530778,528876,530515,528241,529892,529654,536836,540437,541500,545045,551689,559407,563090,564750,564510,570453,575629,584019,589474,597758,606446,608698,606528,602782,602828,605795,610464,613438,615865,614073,612903,609920,609744,612646,621113,628795,638873,643362,641930,637364,635995,640943,644854,650885,656604,662666,666307,669019,668269,667739,667067,670184,672863,674253,672999,669235,665794,664160,661418,660618,659522,660476,664072,666472,667814,667911,670663,674818,678675,680945
29343,Santa Ysabel,CA,San Diego-Carlsbad,San Diego County,18558,160971,161289,160985,160838,160348,160192,159798,160561,160797,160977,160243,159779,159880,161216,162507,163619,164837,166648,168550,169089,169379,170784,173145,175180,175721,174829,176100,177339,179715,180263,181195,181889,184937,186422,189018,190751,193919,197058,198635,200722,201938,204031,206762,209264,210124,210372,210430,210339,210360,210846,212523,213405,215155,215614,215396,215415,216993,221427,225485,230572,234330,236432,237079,238460,240371,244308,248337,253280,257215,259649,262134,264126,266725,271404,277753,284456,289009,291884,295638,300086,307376,314297,319939,324027,328268,334052,339249,344700,351589,359157,364733,366997,363336,358775,356938,360256,364440,365440,365430,365426,366558,366926,367500,370022,376388,386400,396572,404355,412322,418740,427913,434205,439494,445855,453354,460071,464075,466380,466057,466104,464763,467449,465186,462554,459985,459421,458461,456417,450812,443866,437923,432248,426493,419524,412312,409783,404671,400010,393222,387482,387151,385452,382919,377506,374078,369883,366790,358264,352687,346517,344400,341353,336631,332916,330194,328802,324653,323655,324629,328910,329685,328835,327285,328421,329810,329956,329486,328986,329990,325590,320358,315747,316805,317153,314622,309134,304775,300613,296605,293004,291443,291375,289871,287868,283166,280956,279098,279649,278051,278981,279321,280228,278479,280047,283359,286059,286535,286245,288609,290801,295690,298421,301933,305876,311815,316590,321358,326855,336342,343425,348483,349608,349921,353242,359092,362896,364134,361536,360205,360029,357547,357129,356080,360968,364453,365955,365099,366791,370558,377788,382523,384434,385933,387748,391277,394124,398310,402793,404405,403189,401995,401275,402438,405319,409857,414978,417860,417436,416173,415492,419201,424048,428395,430291,430369,427966,426570,426153,430954,436434,443123,448359,452403,453431,451139,450410,452424,457290,460653,463045,463290,464021,463136,461773,457145,454310,455031,456892,457380,456952,457262,458220,459170,460772,463740,468307,475771
48738,Boulevard,CA,San Diego-Carlsbad,San Diego County,19025,,,,,,,180424,180819,181800,182656,184378,183923,184564,184690,186340,188379,190310,191968,194324,197445,200107,201964,202293,206646,209190,213275,214888,216927,219302,223104,225594,225686,224963,226568,230123,232369,236129,237696,239951,240446,239354,235697,231040,229712,229224,230753,228740,226176,220768,217617,214396,210998,210676,212524,217713,220168,221026,219547,220836,225236,231328,236370,240353,244923,247926,250286,252555,255289,259570,263391,267421,267594,268984,271485,277361,281844,285913,289115,291079,295171,299111,306115,309935,316523,318048,320062,319335,320722,320966,321627,321702,321602,320637,316374,316094,315173,319974,322215,326506,331621,338973,347216,355349,360698,367323,378879,389462,399266,401969,404932,406375,408736,410401,408439,405045,403708,402854,398164,391185,385249,385506,388791,391687,391757,389308,390490,393675,397367,397803,395342,393643,391062,389787,388015,384883,379845,375484,370751,364492,356018,349693,346742,342604,336773,325844,313077,302305,294856,290732,286231,284290,281208,276369,268262,260263,255094,251945,250702,247724,246353,242807,237967,231440,229026,231389,235151,238806,240701,242689,242642,241378,236935,233787,234970,236587,234873,228569,224217,222816,220670,218397,215309,215761,217252,217999,216399,214756,214711,214892,215444,213473,213229,213556,218568,221848,223108,221539,220738,220101,220692,221419,221629,223779,226914,229113,227787,225936,226175,229740,231018,231938,231561,235052,239555,242881,244898,246777,247527,249626,253921,259360,265732,271320,275177,274674,271070,268030,267041,268237,273112,278319,279103,277158,274431,274668,276019,278896,284066,289558,291082,289630,287239,285485,287322,290214,294900,297209,298715,300519,300605,300626,302106,304997,306036,303455,299322,293995,291646,288164,287544,284458,283705,281562,278754,275655,273712,275317,274650,276889,274896,276982,275035,275438,273174,271880,271040,271506,271892,271285,272716,272693,274577,274732,277231,279459,283426,287862
43355,Ranchita,CA,San Diego-Carlsbad,San Diego County,20796,,,,,,,,,,,,,,,,,,,,,,,,,,,,,,,,,,,,,,,,,,,,,,,,,,,,,,,,,,,,,,,,,,,,,,,,,,,,,,,,,,,,,,,,,,,,,,,,,,,,,,,,,,,,,,,,,,,,,,,,,,,,,,,,,,,,,,,,,,,,,,,,,,,,,,,,,,,,,,,,,,,,,,,,,,,,,,,,,,,,,,,,,,,,,,,,,,,,,,,,,,,,,,,,,,,,,,,,,,238802,239839,242460,245450,250419,254104,257420,257412,255029,253861,253761,253788,251972,250649,249531,250118,245828,241433,237279,238738,243724,247579,249601,251966,256268,260891,261285,262126,266214,274555,282073,286788,289777,290228,290215,288671,289517,290488,294119,295034,296936,296439,298024,298794,299514,301992,306930,309588,305762,299670,295623,297570,299631,302473,301255,299535,295675,294123,290616,290738,292998,296642,298441,297166,295309,293599,294258,296051,299744,301601
40342,Pine Valley,CA,San Diego-Carlsbad,San Diego County,20854,165779,165719,165286,164790,163914,164241,164213,164286,163893,164242,164111,164009,163789,162787,162138,161905,163270,164214,165897,167399,168979,168871,169457,171184,172935,175162,178257,181505,183569,183633,182843,182197,182819,184673,186458,188044,190241,192480,193436,192697,190691,189094,189079,189618,190349,191889,194095,193809,191047,189100,189029,190314,191601,193592,196361,199674,201344,202610,203327,207344,213214,217664,221806,225338,229033,232580,234671,236619,238310,239946,240524,239298,237179,237727,237943,240287,243016,246757,247261,248785,252491,258512,264980,272218,279128,280286,279109,275985,277211,277900,281742,283339,283719,280620,276980,273515,273904,279759,290051,300574,305007,309545,315971,324931,331430,339529,349569,360212,367057,372228,373418,373218,373748,375227,373386,369926,368236,366661,364347,364055,364957,364413,363294,362561,365166,363280,364624,364413,363469,358213,354241,348645,344426,338420,336318,334267,330426,327409,321161,317386,316768,320229,320742,316396,307495,299387,288728,280987,274788,272049,270629,266165,261248,254768,249388,247289,247853,253529,257739,261014,260129,257237,255270,257695,258753,259249,260141,261405,263332,259215,257039,252825,250021,247890,244257,239578,234968,233293,233148,231407,229719,227981,228163,226881,229722,230372,232573,231164,230282,229079,227099,227552,225891,225481,222981,224546,224271,226529,226072,227178,227821,228391,229526,230113,231525,233255,234505,234987,234773,233878,234612,237843,242017,247623,252175,255697,258817,262881,268526,273987,278764,284498,290229,296077,299528,297025,292376,288904,287627,288157,289065,290580,291731,291293,290720,287561,287293,291139,298420,302147,306589,306456,307580,306948,310185,313705,317653,322215,325102,326596,326805,331534,334570,340217,341307,343438,341055,341580,342184,343636,344863,348005,351585,353171,353475,353776,356124,354812,356564,356514,360011,360121,361540,360596,362068,362605,365156,366024,367101,370547,372615,374247,372687,373038,372481,372686,370688
13378,Potrero,CA,San Diego-Carlsbad,San Diego County,22411,159995,158939,158893,159391,158523,157357,156419,156551,155299,153883,152245,152115,151898,152623,152608,152351,153087,154238,155613,156024,158598,160401,162042,162215,164319,165487,165592,164564,165566,167619,169169,169208,168545,170028,172341,175741,177143,177261,178261,181254,183007,182713,181851,184076,187034,189305,190289,189487,189651,190016,191515,191689,192375,193224,195285,196804,199346,201248,204586,208286,210296,211716,213865,217633,221165,225819,229446,233393,233952,235877,237716,241531,247279,255330,262067,267656,270929,271950,273386,275756,283059,290317,295751,299057,299704,298701,298374,300620,306692,314284,320163,324928,324496,324342,325756,329984,338647,347612,354333,357259,357785,360520,366047,370701,378195,384440,392218,399765,403499,408188,411451,414354,417687,421113,426111,430790,433329,433448,429784,426049,425017,425323,426706,429445,430252,427933,422158,416165,411140,408829,409018,408074,406879,405929,408197,409923,407807,400829,390733,384499,380628,376286,369104,362444,355331,346607,335486,323259,316664,316062,323087,324006,321693,314800,311942,308245,305391,301734,296914,294977,293018,291924,285700,281079,275624,275523,274896,274255,269131,262604,260487,260488,260396,257007,252533,250368,251071,250760,247515,244015,244456,247096,246389,242278,237545,234636,234120,232883,230355,228702,228038,228481,227868,228241,229704,230719,231621,232051,233618,234363,237445,238359,240183,242773,245537,247074,246823,248755,253109,257778,261348,264380,265755,270267,275647,277605,278861,280468,286291,291296,291473,291808,291949,296602,299733,297274,293829,294082,297967,300627,299620,299448,301293,303359,303219,300630,301440,308822,315240,318924,318982,320654,323777,327754,332093,336384,341250,346533,348911,347009,346120,346374,349422,352621,355173,354858,354200,355898,358868,360371,360986,364453,366849,369087,367756,366947,368256,368957,372272,371366,371618,369266,368076,366221,363950,361701,361268,360982,359417,359668,358307,359271,359136,362016,365365,368959,373676
9931,Jacumba,CA,San Diego-Carlsbad,San Diego County,24722,,,,,,,,,,,,,,,,,,,,,,,,,,,,,,,,,,,,,,,,,,,,,,,,,,,,,,,,,,,,,,,,,,,,,,,,,,,,,,,,,,,,,,,,,,,,,,,,,,,,,,,,,,,,,,,,,,,,,,,,,,,,,,,,,,,,,,,,,,,,,,,,,,,,,,,,,,,,,,,,,,,,,,,,,,,,,,,,,,,,,,,,,,,,,,,,,,,,,,,,,,,,,,,,,,,,,,,,,,,,,,,,,,,,,,,,,,,,,,,,,,,,,,,,,,,,140791,142028,143265,145819,148932,150573,151097,150268,150284,150815,151592,152253,152645,152625,152280,151357,148875,149051,151231,155935,158547,159642,159769,159842,160396,161588,163083,164931,167731,169265,169945,169507,170426,172346,174980,177843
6388,Palomar Mountain,CA,San Diego-Carlsbad,San Diego County,26147,,,,,,,,,,,,,,,,,,,,,,,,,,,,,,,,,,,,,,,,,,,,,,,,,,,,,,,,,,,,,,,,,,,,,,,,,,,,,,,,,,,,,,,,,,,281625,287818,292725,300598,307512,313676,320664,325952,329023,329159,327521,325640,324511,322121,320224,320663,321694,321487,319125,317335,316302,318964,323135,329320,333964,336593,337328,337434,338699,342414,344757,347166,352093,354068,354755,349423,345031,342795,340541,338236,331283,322926,317233,314627,310567,307631,304948,303870,298950,290710,283716,275893,271267,267981,264745,259371,252114,245742,241277,239961,243564,250963,259554,268123,273698,275051,273887,272555,271808,268164,263439,260255,257186,253385,245249,238442,234458,234756,237153,237631,238087,239929,242949,242162,237840,231608,230037,228536,226550,223058,219297,217996,218182,217831,215830,214489,215837,216822,216082,214965,214529,214148,215047,216851,217974,218941,218317,217277,213873,212672,212636,212747,213574,214094,213474,210858,208586,207934,209455,210590,213329,216056,217439,219747,220880,224756,226914,229889,230220,231271,232233,236397,241312,246012,252196,256418,260831,261419,264386,266519,271189,275654,279164,279646,276466,274532,273717,273608,271799,270940,271683,272379,272228,269337,269930,270742,274250,273553,270639,267666,267213,267153,263679,260826,260736,261957,260492,257934,257073,258559,260815,263141,264991,266967,269045,273091,274532,274108,269840,266673,261169,256448,249572,246709,244705,244421,244222,241880,240656,240984,244913,249094,254440,259590,267216,272758,278448